KEY;English;German;Spanish;Arabic;Dog
hello;hello;hallo;hola;مرحبا;Woof!
test;This test worked!;Der Test hat funktioniert!;¡Esta prueba funcionó!;نجح هذا الاختبار!;Woof!
name;Hey, I am Alex;Hi, ich bin Alex;Hola, soy Alex;مرحبًا، أنا أليكس;Woof Alex Woof!
24;twentyfour;vierundzwanzig;veinticuatro;أربعة وعشرون;Woof!
goodbye;goodbye;auf Wiedersehen;adiós;مع السلامة;Woof!
thanks;thank you;danke;gracias;شكراً;Woof!
yes;yes;ja;sí;نعم;Woof!
no;no;nein;no;لا;Woof!
welcome;welcome;willkommen;bienvenido;أهلاً وسهلاً;Woof!
morning;good morning;Guten Morgen;buenos días;صباح الخير;Woof!
evening;good evening;Guten Abend;buenas tardes;مساء الخير;Woof!
dog_name;My dog's name is Max;Mein Hund heißt Max;Mi perro se llama Max;اسم كلبي ماكس;Woof Max Woof!